variable,rmse,mae
austria_gdp_growth,2.819390493866567,2.6326809227815446
usa_gdp_growth,0.8024351457838785,0.7885662083135054
