month,log_month_effect
1,0.0
2,0.001966753574002414
3,0.006757260233916288
4,0.003361528313747364
5,0.0034538941451619978
6,0.004082848525483149
7,0.0011949628170304755
8,-5.8076710948817833e-05
9,0.0023024597719208707
10,0.0023648711538089336
11,0.0019505509463908902
12,0.0036460969230054374
